<?xml version="1.0" encoding="UTF-8"?>

<beans xmlns="http://www.springframework.org/schema/beans"
    xmlns:xsi="http://www.w3.org/2001/XMLSchema-instance"
    xsi:schemaLocation="http://www.springframework.org/schema/beans
    http://www.springframework.org/schema/beans/spring-beans-3.0.xsd">

   <!-- <bean id="helloWorld" class="com.tutorialspoint.HelloWorld">
       <property name="message" value="Hello World!"/>
   </bean> -->
   
   <bean id="a1" class="com.training.myapp.Address">
   <property name="doorno" value="1"></property> <!-- properties refer to setter methods -->
   <property name="addr" value="abc street"></property>
   </bean>
   
   <bean id="emp1" class="com.training.myapp.Employee" scope="prototype">
   <property name="eid" value="101"></property> <!-- properties refer to setter methods -->
   <property name="ename" value="Arun"></property>
   <property name="salary" value="40000"></property>
   <property name="address" ref="a1"></property>
   </bean>
   
   <!-- <bean id="emp2" class="com.training.myapp.Employee">
   <property name="eid" value="102"></property> properties refer to setter methods
   <property name="ename" value="Ravi"></property>
   <property name="salary" value="30000"></property>
   <property name="address" value="a1"></property>
   </bean>
   
   <bean id="emp3" class="com.training.myapp.Employee">
   <property name="eid" value="103"></property> properties refer to setter methods
   <property name="ename" value="Ram"></property>
   <property name="salary" value="50000"></property>
   <property name="address" value="a1"></property>
   </bean>
   
   <bean id="emp4" class="com.training.myapp.Employee">
   <constructor-arg name="eid" value="104"></constructor-arg>
   <constructor-arg name="ename" value="Das"></constructor-arg>
   <constructor-arg name="salary" value="35000"></constructor-arg>
   </bean>
 -->
</beans>